[{"identifier":{"id":"tal7aouy.rainbow-bracket","uuid":"90cf5b00-d411-42a6-a3fb-9c367e93e251"},"version":"1.0.2","location":{"$mid":1,"path":"/C:/Users/baek/Desktop/developsUI/VSCode-win32-x64-1.87.2/data/extensions/tal7aouy.rainbow-bracket-1.0.2","scheme":"file"},"relativeLocation":"tal7aouy.rainbow-bracket-1.0.2","metadata":{"id":"90cf5b00-d411-42a6-a3fb-9c367e93e251","publisherId":"bc6e1246-1061-4dec-a2c3-91280d192974","publisherDisplayName":"Mhammed Talhaouy","targetPlatform":"undefined","updated":false,"isPreReleaseVersion":false,"hasPreReleaseVersion":false,"installedTimestamp":1711251968504,"pinned":false}},{"identifier":{"id":"esbenp.prettier-vscode","uuid":"96fa4707-6983-4489-b7c5-d5ffdfdcce90"},"version":"10.4.0","location":{"$mid":1,"path":"/C:/Users/baek/Desktop/developsUI/VSCode-win32-x64-1.87.2/data/extensions/esbenp.prettier-vscode-10.4.0","scheme":"file"},"relativeLocation":"esbenp.prettier-vscode-10.4.0","metadata":{"id":"96fa4707-6983-4489-b7c5-d5ffdfdcce90","publisherId":"d16f4e39-2ffb-44e3-9c0d-79d873570e3a","publisherDisplayName":"Prettier","targetPlatform":"undefined","updated":false,"isPreReleaseVersion":false,"hasPreReleaseVersion":false,"installedTimestamp":1711251982214,"pinned":false}},{"identifier":{"id":"prasadbobby.auto-rename-tag","uuid":"352f2224-5183-4946-bda7-f68d5edbbebd"},"version":"0.1.5","location":{"$mid":1,"path":"/C:/Users/baek/Desktop/developsUI/VSCode-win32-x64-1.87.2/data/extensions/prasadbobby.auto-rename-tag-0.1.5","scheme":"file"},"relativeLocation":"prasadbobby.auto-rename-tag-0.1.5","metadata":{"id":"352f2224-5183-4946-bda7-f68d5edbbebd","publisherId":"325382dc-8c98-4bbc-b951-5dee86d8459a","publisherDisplayName":"prasadbobby","targetPlatform":"undefined","updated":false,"isPreReleaseVersion":false,"hasPreReleaseVersion":false,"installedTimestamp":1711252007992,"pinned":false}},{"identifier":{"id":"hollowtree.vue-snippets","uuid":"3620b114-6fe8-459b-8c68-99943147069b"},"version":"1.0.4","location":{"$mid":1,"path":"/C:/Users/baek/Desktop/developsUI/VSCode-win32-x64-1.87.2/data/extensions/hollowtree.vue-snippets-1.0.4","scheme":"file"},"relativeLocation":"hollowtree.vue-snippets-1.0.4","metadata":{"id":"3620b114-6fe8-459b-8c68-99943147069b","publisherId":"8d711594-469c-48e6-b07c-32197084b71c","publisherDisplayName":"hollowtree","targetPlatform":"undefined","updated":false,"isPreReleaseVersion":false,"hasPreReleaseVersion":false,"installedTimestamp":1711252032269,"pinned":false}},{"identifier":{"id":"dariofuzinato.vue-peek","uuid":"6f99be10-9aad-4b1c-8691-bcae8ae7b104"},"version":"1.0.2","location":{"$mid":1,"path":"/C:/Users/baek/Desktop/developsUI/VSCode-win32-x64-1.87.2/data/extensions/dariofuzinato.vue-peek-1.0.2","scheme":"file"},"relativeLocation":"dariofuzinato.vue-peek-1.0.2","metadata":{"id":"6f99be10-9aad-4b1c-8691-bcae8ae7b104","publisherId":"c437f967-ccf9-4ec6-a1c7-10eec23f06eb","publisherDisplayName":"Dario Fuzinato","targetPlatform":"undefined","updated":false,"isPreReleaseVersion":false,"hasPreReleaseVersion":false,"installedTimestamp":1711252102175,"pinned":false}},{"identifier":{"id":"mikestead.dotenv","uuid":"532533c9-a894-4a58-9eee-bbfbe7c06f71"},"version":"1.0.1","location":{"$mid":1,"path":"/C:/Users/baek/Desktop/developsUI/VSCode-win32-x64-1.87.2/data/extensions/mikestead.dotenv-1.0.1","scheme":"file"},"relativeLocation":"mikestead.dotenv-1.0.1","metadata":{"id":"532533c9-a894-4a58-9eee-bbfbe7c06f71","publisherId":"b6aa9b98-56e5-4846-b7d2-600d45fc63fc","publisherDisplayName":"mikestead","targetPlatform":"undefined","updated":false,"isPreReleaseVersion":false,"hasPreReleaseVersion":false,"installedTimestamp":1711252110895,"pinned":false}},{"identifier":{"id":"formulahendry.auto-close-tag","uuid":"d3836729-9cc1-42c1-b2af-d50071f57d29"},"version":"0.5.15","location":{"$mid":1,"path":"/C:/Users/baek/Desktop/developsUI/VSCode-win32-x64-1.87.2/data/extensions/formulahendry.auto-close-tag-0.5.15","scheme":"file"},"relativeLocation":"formulahendry.auto-close-tag-0.5.15","metadata":{"id":"d3836729-9cc1-42c1-b2af-d50071f57d29","publisherId":"38bbe3f0-5204-4170-845e-c2f966d979b8","publisherDisplayName":"Jun Han","targetPlatform":"undefined","updated":false,"isPreReleaseVersion":false,"hasPreReleaseVersion":false,"installedTimestamp":1711252153900,"pinned":false}},{"identifier":{"id":"ritwickdey.liveserver","uuid":"b63c44fd-0457-4696-99e9-dbfdf70d77de"},"version":"5.7.9","location":{"$mid":1,"path":"/C:/Users/baek/Desktop/developsUI/VSCode-win32-x64-1.87.2/data/extensions/ritwickdey.liveserver-5.7.9","scheme":"file"},"relativeLocation":"ritwickdey.liveserver-5.7.9","metadata":{"id":"b63c44fd-0457-4696-99e9-dbfdf70d77de","publisherId":"17fd9a78-e430-4a78-add2-ade4a8830352","publisherDisplayName":"Ritwick Dey","targetPlatform":"undefined","updated":false,"isPreReleaseVersion":false,"hasPreReleaseVersion":false,"installedTimestamp":1711252161083,"pinned":false}},{"identifier":{"id":"ms-vscode.live-server","uuid":"4eae7368-ec63-429d-8449-57a7df5e2117"},"version":"0.4.13","location":{"$mid":1,"path":"/C:/Users/baek/Desktop/developsUI/VSCode-win32-x64-1.87.2/data/extensions/ms-vscode.live-server-0.4.13","scheme":"file"},"relativeLocation":"ms-vscode.live-server-0.4.13","metadata":{"id":"4eae7368-ec63-429d-8449-57a7df5e2117","publisherId":"5f5636e7-69ed-4afe-b5d6-8d231fb3d3ee","publisherDisplayName":"Microsoft","targetPlatform":"undefined","updated":false,"isPreReleaseVersion":false,"hasPreReleaseVersion":false,"installedTimestamp":1711252171598,"pinned":false}},{"identifier":{"id":"vincaslt.highlight-matching-tag","uuid":"aae00486-7e92-42b3-91b0-2b419e4f3875"},"version":"0.11.0","location":{"$mid":1,"path":"/C:/Users/baek/Desktop/developsUI/VSCode-win32-x64-1.87.2/data/extensions/vincaslt.highlight-matching-tag-0.11.0","scheme":"file"},"relativeLocation":"vincaslt.highlight-matching-tag-0.11.0","metadata":{"id":"aae00486-7e92-42b3-91b0-2b419e4f3875","publisherId":"81b5ff8a-7099-47ff-acce-7406aece08b3","publisherDisplayName":"vincaslt","targetPlatform":"undefined","updated":false,"isPreReleaseVersion":false,"hasPreReleaseVersion":false,"installedTimestamp":1711252230241,"pinned":false}},{"identifier":{"id":"vue.volar","uuid":"a5223b43-8621-4351-a14e-3d560f85f277"},"version":"2.0.7","location":{"$mid":1,"path":"/C:/Users/baek/Desktop/developsUI/VSCode-win32-x64-1.87.2/data/extensions/vue.volar-2.0.7","scheme":"file"},"relativeLocation":"vue.volar-2.0.7","metadata":{"id":"a5223b43-8621-4351-a14e-3d560f85f277","publisherId":"49983e2f-38ad-4441-beea-d678b53d0549","publisherDisplayName":"Vue","targetPlatform":"undefined","updated":false,"isPreReleaseVersion":false,"hasPreReleaseVersion":false,"installedTimestamp":1711257139811,"pinned":false}}]