{
    "userDataProfilesMigration": true,
    "profileAssociations": {
        "workspaces": {
            "file:///c%3A/developsUI/VSCode-win32-x64-1.87.2/data/user-data/Workspaces/1711384773021/workspace.json": "__default__profile__"
        },
        "emptyWindows": {}
    },
    "profileAssociationsMigration": true,
    "telemetry.sqmId": "{ABD0CB05-FBDC-4475-8AAB-547A994B543D}",
    "telemetry.machineId": "86f8a432f871d1d2649c9a39df333bb5163b72fb5a1e1ae1481b2978856b6ab9",
    "backupWorkspaces": {
        "workspaces": [
            {
                "id": "ba978efaa22dbe86ebad26e8d7d896f7",
                "configURIPath": "file:///c%3A/developsUI/VSCode-win32-x64-1.87.2/data/user-data/Workspaces/1711384773021/workspace.json"
            }
        ],
        "folders": [],
        "emptyWindows": []
    },
    "windowControlHeight": 35,
    "theme": "vs-dark",
    "themeBackground": "#1f1f1f",
    "windowSplash": {
        "zoomLevel": 0,
        "baseTheme": "vs-dark",
        "colorInfo": {
            "foreground": "#cccccc",
            "background": "#1f1f1f",
            "editorBackground": "#1f1f1f",
            "titleBarBackground": "#181818",
            "activityBarBackground": "#181818",
            "sideBarBackground": "#181818",
            "statusBarBackground": "#181818",
            "statusBarNoFolderBackground": "#1f1f1f"
        },
        "layoutInfo": {
            "sideBarSide": "left",
            "editorPartMinWidth": 220,
            "titleBarHeight": 35,
            "activityBarWidth": 48,
            "sideBarWidth": 256,
            "statusBarHeight": 22,
            "windowBorder": false
        }
    },
    "windowsState": {
        "lastActiveWindow": {
            "workspaceIdentifier": {
                "id": "ba978efaa22dbe86ebad26e8d7d896f7",
                "configURIPath": "file:///c%3A/developsUI/VSCode-win32-x64-1.87.2/data/user-data/Workspaces/1711384773021/workspace.json"
            },
            "backupPath": "C:\\developsUI\\VSCode-win32-x64-1.87.2\\data\\user-data\\Backups\\ba978efaa22dbe86ebad26e8d7d896f7",
            "uiState": {
                "mode": 0,
                "x": 768,
                "y": 279,
                "width": 1024,
                "height": 768
            }
        },
        "openedWindows": []
    }
}