{"commands.category":"Dynamický náhled","commands.openAutomaticallyOnServerStart":"Otevřít automaticky při spuštění serveru","commands.runServerLoggingTask":"Spustit protokolování serveru","commands.showDebugPreview":"Zobrazit náhled ladění","commands.showDebugPreviewExternalBrowser":"Zobrazit náhled ladění (externí prohlížeč)","commands.showPreview":"Zobrazit náhled","commands.showPreviewExternalBrowser":"Zobrazit náhled (externí prohlížeč)","commands.showPreviewInternalBrowser":"Zobrazit náhled (interní prohlížeč)","commands.startServer":"Spustit server","commands.startServerAtFileString":"Spustit server v řetězci cesty k souboru","commands.stopServer":"Zastavit server","settings.autoRefreshPreview":"Jak často se má náhled automaticky aktualizovat.","settings.customExternalBrowser":"Prohlížeč, který chcete spustit při zobrazení náhledu souboru v externím prohlížeči Funguje jenom pro normální náhled (bez ladění) a funguje jenom na desktopu.","settings.debugOnExternalPreview":"Určuje, zda se má při spuštění externího náhledu připojit ladicí program JavaScript.","settings.defaultPreviewPath":"Soubor, který se má automaticky zobrazit při spuštění serveru. Pokud chcete otevřít v indexu, nechejte pole prázdné.","settings.hostIP":"Adresa hostitele místní IP adresy, na které se mají hostovat vaše soubory.","settings.httpHeaders":"Nadbytečné hlavičky HTTP, které by se měly nastavit v odpovědích HTTP serveru.","settings.notifyOnOpenLooseFile":"Určuje, zda má být uživatel upozorněn při otevření náhledu souboru, který není součástí aktuálně otevřeného pracovního prostoru (nebo pracovního prostoru, kde je server hostován).","settings.openPreviewTarget":"Upřednostňovaný cíl pro živé náhledy.","settings.portNumber":"Který místní port by měl server živé náhledy vyzkoušet. Pokud toto číslo portu nefunguje, bude číslo portu zvyšovat, dokud nenajde volný port.","settings.previewDebounceDelay":"Kolik milisekund zpoždění se má použít při odstranění aktualizace preview.","settings.serverKeepAliveAfterEmbeddedPreviewClose":"Po kolika minutách po zavření vloženého náhledu se má server vypnout. Pokud chcete, aby server zůstal zapnutý neomezeně dlouho, nastavte hodnotu 0.","settings.serverRoot":"Relativní cesta z kořenového adresáře pracovního prostoru, ze které se soubory obsluhují. Náhled souborů se zobrazí, jako by kořen pracovního prostoru byl v této relativní cestě. Pokud tato cesta k adresáři ve vašem pracovním prostoru neexistuje, nastaví se jako výchozí kořen pracovního prostoru. Toto nastavení platí jenom v případě, že máte otevřený pracovní prostor.","settings.showServerStatusNotifications":"Určuje, jestli se mají při změně stavu při zapnutí nebo vypnutí serveru zobrazovat informační zprávy.","settings.tasks.runTaskWithExternalPreview":"Určuje, zda se mají externí instance náhledu spárovat s automaticky generovanou úlohou serveru. Pokud je tato volba vypnuta, server se také automaticky nezavře (dokud není okno zavřeno).","tasks.workspacePathDesc":"Cesta k pracovnímu prostoru, ve kterém chcete server spustit."}
