{"commands.category":"£ïvë Prëvïëw","commands.openAutomaticallyOnServerStart":"Øpëñ Æµtømætïçællÿ øñ §ërvër §tært","commands.runServerLoggingTask":"§tært §ërvër £øggïñg","commands.showDebugPreview":"§høw Ðëþµg Prëvïëw","commands.showDebugPreviewExternalBrowser":"§høw Ðëþµg Prëvïëw (Ëxtërñæl ßrøwsër)","commands.showPreview":"§høw Prëvïëw","commands.showPreviewExternalBrowser":"§høw Prëvïëw (Ëxtërñæl ßrøwsër)","commands.showPreviewInternalBrowser":"§høw Prëvïëw (Ïñtërñæl ßrøwsër)","commands.startServer":"§tært §ërvër","commands.startServerAtFileString":"§tært §ërvër æt Fïlë Pæth §trïñg","commands.stopServer":"§tøp §ërvër","settings.autoRefreshPreview":"Høw øftëñ tø æµtømætïçællÿ rëfrësh thë prëvïëw.","settings.customExternalBrowser":"Thë þrøwsër ÿøµ wæñt tø læµñçh whëñ prëvïëwïñg æ fïlë ïñ æñ ëxtërñæl þrøwsër. Øñlÿ wørks før ñørmæl prëvïëw (ñøñ-ðëþµg) æñð øñlÿ wørks øñ ðësktøp.","settings.debugOnExternalPreview":"Whëthër ør ñøt tø ættæçh thë Jævæ§çrïpt ðëþµggër øñ ëxtërñæl prëvïëw læµñçhës.","settings.defaultPreviewPath":"Thë fïlë tø æµtømætïçællÿ shøw µpøñ stærtïñg thë sërvër. £ëævë þlæñk tø øpëñ æt thë ïñðëx.","settings.hostIP":"Thë løçæl ÏP høst æððrëss tø høst ÿøµr fïlës øñ.","settings.httpHeaders":"Thë ëxtræ HTTP hëæðërs thæt shøµlð þë sët ïñ thë sërvër's HTTP rëspøñsës.","settings.notifyOnOpenLooseFile":"Whëthër tø ñøtïfÿ thë µsër whëñ øpëñïñg æ prëvïëw før æ fïlë thæt ïs ñøt pært øf thë çµrrëñtlÿ øpëñëð wørkspæçë (ør thë wørkspæçë whërë thë sërvër ïs høstëð).","settings.openPreviewTarget":"Thë prëfërrëð tærgët før prëvïëws.","settings.portNumber":"Whïçh løçæl pørt thë lïvë prëvïëw's sërvër shøµlð trÿ ïñïtïællÿ. Ïf thïs pørt ñµmþër ðøësñ't wørk, ït wïll ïñçrëmëñt thë pørt ñµmþër µñtïl ït fïñðs æ frëë pørt.","settings.previewDebounceDelay":"Høw mæñÿ mïllïsëçøñðs ðëlæÿ tø µsë whëñ ðëþøµñçïñg thë prëvïëw µpðætë.","settings.serverKeepAliveAfterEmbeddedPreviewClose":"Høw mæñÿ mïñµtës æftër çløsïñg thë ëmþëððëð prëvïëw ÿøµ wæñt thë sërvër tø shµt øff. §ët tø 0 tø hævë sërvër stæÿ øñ ïñðëfïñëtëlÿ.","settings.serverRoot":"Thë rëlætïvë pæth frøm thë wørkspæçë røøt thæt thë fïlës ærë sërvëð frøm. Fïlës wïll þë prëvïëwëð æs ïf thë wørkspæçë røøt ïs æt thïs rëlætïvë pæth. Ïf thïs ðïrëçtørÿ pæth ðøësñ't ëxïst ïñ ÿøµr wørkspæçë, ït wïll ðëfæµlt tø thë wørkspæçë røøt. Thïs sëttïñg øñlÿ æpplïës ïf ÿøµ hævë æ wørkspæçë øpëñ.","settings.showServerStatusNotifications":"Whëthër ør ñøt tø shøw ïñførmætïøñ mëssægës øñ sërvër øñ/øff stætµs çhæñgë.","settings.tasks.runTaskWithExternalPreview":"Whëthër ør ñøt tø pæïr ëxtërñæl prëvïëw ïñstæñçës wïth thë æµtø-gëñërætëð sërvër tæsk. Whëñ ðïsæþlëð, thë sërvër wïll ælsø ñøt æµtømætïçællÿ çløsë (µñtïl thë wïñðøw ïs çløsëð).","tasks.workspacePathDesc":"Thë pæth før thë wørkspæçë thæt ÿøµ wæñt tø stært thë sërvër ïñ."}
