{"commands.category":"ライブ プレビュー","commands.openAutomaticallyOnServerStart":"サーバーの起動時に自動的に開く","commands.runServerLoggingTask":"サーバー ロギングを開始","commands.showDebugPreview":"デバッグ プレビューの表示","commands.showDebugPreviewExternalBrowser":"デバッグ プレビューの表示 (外部ブラウザー)","commands.showPreview":"プレビューの表示","commands.showPreviewExternalBrowser":"プレビューの表示 (外部ブラウザー)","commands.showPreviewInternalBrowser":"プレビューの表示 (内部ブラウザー)","commands.startServer":"サーバーの起動","commands.startServerAtFileString":"ファイル パス文字列でサーバーを開始します","commands.stopServer":"サーバーの停止","settings.autoRefreshPreview":"プレビューを自動的に更新する頻度。","settings.customExternalBrowser":"外部ブラウザーでファイルをプレビューするときに起動するブラウザー。通常のプレビュー (非デバッグ) でのみ機能し、デスクトップでのみ機能します。","settings.debugOnExternalPreview":"外部プレビューの起動で JavaScript デバッガーをアタッチするかどうか。","settings.defaultPreviewPath":"サーバーの起動時に自動的に表示されるファイル。インデックスで開くには空白のままにします。","settings.hostIP":"ファイルをホストするローカル IP ホスト アドレス。","settings.httpHeaders":"サーバーの HTTP 応答で設定する必要がある追加の HTTP ヘッダー。","settings.notifyOnOpenLooseFile":"現在開いているワークスペース (またはサーバーがホストされているワークスペース) の一部ではないファイルのプレビューを開くときにユーザーに通知するかどうか。","settings.openPreviewTarget":"プレビューの優先ターゲット。","settings.portNumber":"ライブ プレビューのサーバーが最初に試行する必要があるローカル ポート。このポート番号が機能しない場合は、空きポートが見つかるまでポート番号がインクリメントされます。","settings.previewDebounceDelay":"プレビューの更新をデバウンスするときに使用する遅延時間 (ミリ秒)。","settings.serverKeepAliveAfterEmbeddedPreviewClose":"埋め込みプレビューを閉じてから何分後にサーバーをシャットダウンするか。0に設定すると、サーバは無期限に稼働し続けます。","settings.serverRoot":"ファイルが提供されるワークスペース ルートからの相対パス。ファイルは、ワークスペースルートがこの相対パスにあるかのようにプレビューされます。このディレクトリ パスがワークスペースに存在しない場合は、既定でワークスペース ルートが使用されます。この設定は、ワークスペースが開いている場合にのみ適用されます。","settings.showServerStatusNotifications":"サーバーのオン/オフ状態の変更に関する情報メッセージを表示するかどうか。","settings.tasks.runTaskWithExternalPreview":"外部プレビュー インスタンスを自動生成されたサーバー タスクとペアリングするかどうか。無効にすると、サーバーも自動的に閉じなくなります (ウィンドウが閉じられるまで)。","tasks.workspacePathDesc":"サーバーを起動するワークスペースのパス。"}
