{"commands.category":"Livevorschau","commands.openAutomaticallyOnServerStart":"Automatisch beim Serverstart öffnen","commands.runServerLoggingTask":"Serverprotokollierung starten","commands.showDebugPreview":"Debug-Vorschau anzeigen","commands.showDebugPreviewExternalBrowser":"Debug-Vorschau anzeigen (externer Browser)","commands.showPreview":"Vorschau anzeigen","commands.showPreviewExternalBrowser":"Vorschau anzeigen (externer Browser)","commands.showPreviewInternalBrowser":"Vorschau anzeigen (Interner Browser)","commands.startServer":"Server starten","commands.startServerAtFileString":"Server unter Dateipfadzeichenfolge starten","commands.stopServer":"Server beenden","settings.autoRefreshPreview":"Wie oft die Vorschau automatisch aktualisiert werden soll.","settings.customExternalBrowser":"Der Browser, den Sie beim Anzeigen einer Dateivorschau in einem externen Browser starten können. Funktioniert nur für die normale Vorschau (nicht debuggen) und nur auf dem Desktop.","settings.debugOnExternalPreview":"Ob der JavaScript-Debugger bei externen Vorschaustarts angefügt werden soll.","settings.defaultPreviewPath":"Die Datei, die beim Starten des Servers automatisch angezeigt werden soll. Lassen Sie das Feld leer, um am Index zu öffnen.","settings.hostIP":"Die lokale IP-Hostadresse, unter der Ihre Dateien gehostet werden sollen.","settings.httpHeaders":"Die zusätzlichen HTTP-Header, die in den HTTP-Antworten des Servers festgelegt werden sollen.","settings.notifyOnOpenLooseFile":"Ob der Benutzer benachrichtigt wird, wenn eine Vorschau für eine Datei geöffnet wird, die nicht Teil des aktuell geöffneten Arbeitsbereichs (oder des Arbeitsbereichs, in dem der Server gehostet wird) ist.","settings.openPreviewTarget":"Das bevorzugte Ziel für Vorschauen.","settings.portNumber":"Welcher lokale Port der Server der Livevorschau anfänglich testen soll. Wenn diese Portnummer nicht funktioniert, erhöht sie die Portnummer, bis sie einen freien Port findet.","settings.previewDebounceDelay":"Gibt an, wie viele Millisekunden Verzögerung beim Entprellen des Vorschauupdates verwendet werden sollen.","settings.serverKeepAliveAfterEmbeddedPreviewClose":"Gibt an, wie viele Minuten nach dem Schließen der eingebetteten Vorschau der Server ausgeschaltet werden soll. Legen Sie diesen Wert auf 0 fest, damit der Server auf „unbegrenzt“ bleibt.","settings.serverRoot":"Der relative Pfad aus dem Arbeitsbereichsstamm, aus dem die Dateien bereitgestellt werden. Dateien werden in der Vorschau so angezeigt, wie wenn sich der Arbeitsbereichsstamm unter diesem relativen Pfad befindet. Wenn dieser Verzeichnispfad in Ihrem Arbeitsbereich nicht vorhanden ist, wird standardmäßig der Arbeitsbereichsstamm verwendet. Diese Einstellung gilt nur, wenn Ein Arbeitsbereich geöffnet ist.","settings.showServerStatusNotifications":"Gibt an, ob Informationsmeldungen auf dem Server angezeigt werden sollen, wenn sich der Ein/Aus-Status des Servers ändert.","settings.tasks.runTaskWithExternalPreview":"Gibt an, ob externe Vorschauinstanzen mit dem automatisch generierten Servertask gekoppelt werden sollen. Wenn diese Option deaktiviert ist, wird der Server auch nicht automatisch geschlossen (bis das Fenster geschlossen wird).","tasks.workspacePathDesc":"Der Pfad für den Arbeitsbereich, in dem Sie den Server starten möchten."}
