{"events":{"ms-vscode.live-serverpreview.openExternalBrowser":{},"ms-vscode.live-serverpreview.fileOutOfWorkspace":{},"ms-vscode.live-servertask.terminal.handleTerminalLink":{},"ms-vscode.live-servertasks.terminal.start":{},"ms-vscode.live-servertasks.terminal.startFromExtension":{},"ms-vscode.live-serverserver.pageDoesNotExist":{},"ms-vscode.live-serverserver.indexPage":{},"ms-vscode.live-serverserver.err":{"type":{"classification":"SystemMetaData","purpose":"FeatureInsight"},"err":{"classification":"CallstackOrException","purpose":"PerformanceAndHealth"}},"ms-vscode.live-serverserver.ws.foundNonInjectable":{},"ms-vscode.live-serverextension.startUp":{"numworkspacefolders":{"classification":"SystemMetaData","purpose":"FeatureInsight","isMeasurement":true}},"ms-vscode.live-serverpreview":{"type":{"classification":"SystemMetaData","purpose":"FeatureInsight"},"location":{"classification":"SystemMetaData","purpose":"FeatureInsight"}},"ms-vscode.live-serverserver.forceClose":{}},"commonProperties":{}}
